Age,Gender,Employment,Income,Repayment_History,Loan_Amount,Loan_Purpose,Existing_Debt,Loan_Tenure,Region,Loan_Status
59,1,0,5849.0,1.0,128.0,2,1107.8636684712,360.0,2,1
49,1,0,6091.0,1.0,128.0,3,1047.216002483966,360.0,0,0
35,1,1,3000.0,1.0,66.0,0,905.9368081087688,360.0,2,1
63,1,0,4941.0,1.0,120.0,1,648.7054007478577,360.0,2,1
28,1,0,6000.0,1.0,141.0,2,1619.58191133851,360.0,2,1
41,1,1,9613.0,1.0,267.0,0,1317.2992399851037,360.0,2,1
59,1,0,3849.0,1.0,95.0,0,477.04621407022785,360.0,2,1
39,1,0,5540.0,0.0,158.0,2,1171.7168465481361,360.0,1,0
43,1,0,5532.0,1.0,168.0,0,24.44275385304317,360.0,2,1
31,1,0,23809.0,1.0,349.0,3,3842.30136308816,360.0,1,0
31,1,0,3900.0,1.0,70.0,0,904.8133557167581,360.0,2,1
44,1,0,4340.0,1.0,109.0,3,895.2238434161902,360.0,2,1
56,1,0,11179.0,1.0,200.0,3,920.4086189803621,360.0,2,1
60,1,0,4693.0,1.0,114.0,2,766.029113965111,360.0,0,0
44,1,0,2385.0,1.0,17.0,0,622.919079069336,120.0,2,1
23,1,0,4950.0,1.0,125.0,2,847.7475365168949,360.0,2,1
42,1,0,3596.0,1.0,100.0,0,408.77706748791667,240.0,2,1
22,0,0,3510.0,0.0,76.0,0,743.4124935479475,360.0,2,0
44,1,0,4887.0,1.0,133.0,1,703.5560178584368,360.0,0,0
64,1,0,6100.0,1.0,115.0,0,799.4353420984507,360.0,2,1
50,1,0,7660.0,0.0,104.0,2,3492.394725868555,360.0,2,0
58,1,0,11580.0,1.0,315.0,3,414.2184680609667,360.0,2,1
22,1,0,4511.0,0.0,116.0,0,131.03298392065244,360.0,1,0
41,1,0,5282.0,0.0,112.0,1,430.74613234378666,360.0,0,0
53,1,0,6642.0,1.0,151.0,2,1349.4486466969718,360.0,1,0
32,1,1,9560.0,1.0,191.0,0,2834.362687137167,360.0,1,1
42,1,0,5052.0,1.0,122.0,2,143.04662358316682,360.0,1,1
64,1,0,5266.0,1.0,110.0,1,1941.3198535369575,360.0,2,1
45,1,0,1442.0,1.0,35.0,1,569.6510233664666,360.0,2,0
47,0,0,5833.0,1.0,120.0,2,43.16738397682034,360.0,1,1
62,1,0,7535.0,1.0,201.0,0,1356.7979004885167,360.0,2,0
48,1,0,3167.0,1.0,74.0,3,1221.269099601005,360.0,2,0
36,1,1,4692.0,1.0,106.0,1,878.4253773641101,360.0,0,0
35,1,0,5167.0,1.0,114.0,0,120.61269389263288,360.0,1,1
64,1,0,15500.0,1.0,320.0,0,483.25665930492033,360.0,0,0
23,1,0,4342.0,1.0,128.0,3,118.58092388393331,360.0,2,1
57,1,0,3158.0,0.0,100.0,1,768.1618236301066,360.0,2,0
27,0,0,5126.0,1.0,144.0,1,1669.7431445018499,360.0,1,1
41,1,0,11376.0,1.0,184.0,0,255.8148585846635,360.0,2,1
29,1,0,5416.0,1.0,110.0,0,442.0879088311822,360.0,1,1
59,1,0,3600.0,1.0,80.0,3,297.9369186611216,360.0,2,0
38,1,0,3013.0,1.0,47.0,3,167.6887915447086,360.0,2,1
24,1,0,2400.0,1.0,75.0,1,1004.9889468029905,360.0,2,1
45,1,0,6277.0,1.0,134.0,2,654.4945061365572,360.0,1,1
34,1,1,4695.0,1.0,96.0,1,731.1154098471427,360.0,2,1
29,0,0,3410.0,1.0,88.0,0,387.709533595477,360.0,2,1
46,1,0,5649.0,1.0,44.0,1,1716.9977152718836,360.0,2,1
22,1,0,5821.0,1.0,144.0,2,1103.9692351511399,360.0,2,1
40,0,0,6085.0,0.0,120.0,3,984.2701645627495,360.0,2,0
48,0,0,6275.0,1.0,144.0,2,411.159616751275,360.0,1,1
27,0,0,3572.0,1.0,100.0,2,759.4294527207707,360.0,1,1
64,0,0,3086.0,1.0,120.0,2,931.5423234596044,360.0,1,1
28,0,0,4230.0,1.0,112.0,3,241.6753396177796,360.0,1,0
55,1,0,4616.0,1.0,134.0,2,956.6765803419727,360.0,2,0
34,0,1,11500.0,0.0,286.0,2,4965.229308524503,360.0,2,0
37,1,0,3875.0,1.0,97.0,2,1249.6881538551486,360.0,1,1
56,1,0,3723.0,1.0,96.0,0,496.4363303918549,360.0,1,1
60,1,0,5566.0,1.0,135.0,2,809.2486341239107,360.0,0,0
24,1,0,10330.0,1.0,180.0,3,3710.5570887547765,360.0,2,1
22,1,0,6216.0,1.0,144.0,2,985.394014213228,360.0,2,1
26,1,0,6296.0,1.0,120.0,2,41.058337804297935,360.0,2,1
62,1,0,3029.0,1.0,99.0,3,1382.3590615304406,360.0,2,1
24,1,1,6058.0,0.0,165.0,2,323.81139457670463,180.0,0,0
49,1,0,4945.0,0.0,128.0,3,1428.1950064913506,360.0,0,0
38,0,0,4166.0,0.0,116.0,2,344.76424020246947,360.0,1,0
46,1,0,10321.0,1.0,258.0,3,96.99603578600144,360.0,1,0
64,1,0,5454.0,0.0,126.0,2,498.35707381241184,180.0,2,0
54,1,0,10750.0,1.0,312.0,2,4195.164428060221,360.0,2,1
30,1,1,7100.0,1.0,125.0,0,985.4344628344344,60.0,2,1
56,0,0,4300.0,0.0,136.0,0,473.20901027435866,360.0,1,0
34,1,0,6274.0,1.0,172.0,2,341.139978083327,360.0,2,1
51,1,1,3750.0,1.0,97.0,2,482.97532725638683,360.0,1,1
35,1,0,3500.0,1.0,81.0,1,1707.1973024448234,300.0,1,1
28,1,0,4755.0,0.0,95.0,3,1091.2463190104486,360.0,1,0
34,1,1,7040.0,1.0,187.0,1,1467.3850362874962,360.0,1,1
43,1,0,3750.0,1.0,113.0,0,1613.685033545126,480.0,2,0
60,1,0,8500.0,1.0,176.0,0,1003.2557230006099,360.0,2,0
41,1,1,4022.0,1.0,110.0,0,92.23143570942804,360.0,2,0
36,1,0,7167.0,0.0,180.0,0,474.41012628221637,300.0,1,0
38,1,1,5499.0,1.0,130.0,2,516.5098876266401,360.0,1,1
44,0,0,3846.0,1.0,111.0,0,764.0427360249607,360.0,1,1
46,1,1,2395.0,1.0,128.0,2,511.0797141407574,360.0,1,1
45,0,0,3259.0,1.0,167.0,2,551.0498132091716,360.0,2,0
61,1,0,8250.0,1.0,265.0,0,1048.160997147999,360.0,1,0
49,1,0,3988.0,1.0,50.0,0,933.6542659121104,240.0,2,1
35,1,0,4897.0,1.0,136.0,3,739.3465926813949,360.0,1,1
21,1,0,5333.0,1.0,99.0,1,629.4802914090421,360.0,1,1
45,1,0,4618.0,1.0,104.0,0,1045.706016615416,360.0,1,1
27,1,0,8566.0,1.0,210.0,3,2516.0637869345405,360.0,2,1
29,1,0,9862.0,1.0,175.0,3,837.2922240817165,360.0,1,1
44,1,0,5858.0,1.0,131.0,1,1056.093556489156,360.0,1,1
21,1,0,11904.0,1.0,188.0,2,1648.8991567024557,180.0,1,1
64,1,0,5093.0,1.0,81.0,0,874.6370660424845,360.0,2,1
28,1,0,4133.0,1.0,122.0,1,994.1682453429464,360.0,1,1
44,1,0,3620.0,1.0,25.0,0,899.5916273664607,120.0,1,1
31,1,0,6782.0,1.0,128.0,3,2595.323149095622,360.0,2,0
37,0,0,4786.0,1.0,137.0,3,127.90299732949387,360.0,1,1
28,1,0,2974.0,1.0,50.0,2,330.5176389804116,360.0,1,1
55,1,0,4188.0,1.0,115.0,3,158.10404380534402,180.0,1,1
55,1,0,5300.0,1.0,131.0,3,662.480051147383,360.0,1,1
53,1,0,7551.0,1.0,133.0,1,583.815176520322,180.0,2,1
25,1,0,8649.0,1.0,151.0,0,2173.1277373764283,360.0,1,1
62,1,0,13650.0,1.0,128.0,0,3593.8980349496796,360.0,2,1
59,1,0,8235.0,1.0,128.0,1,1862.5439684767175,360.0,1,1
61,1,0,4570.0,1.0,160.0,2,1867.801179155254,360.0,2,1
48,1,0,4082.0,1.0,100.0,0,1281.5177995307267,360.0,2,1
27,1,0,12543.0,1.0,225.0,3,4949.233879025782,360.0,2,1
29,1,0,7333.0,1.0,120.0,0,1495.8751522552031,360.0,0,0
28,1,0,7400.0,0.0,216.0,3,1048.2729309927456,360.0,2,0
32,1,0,2825.0,1.0,94.0,2,262.9016080668416,480.0,1,1
54,1,0,5316.0,1.0,136.0,1,521.2686189851976,360.0,2,1
53,0,0,5262.0,1.0,139.0,0,740.3162889507864,360.0,1,1
43,1,0,7686.0,0.0,152.0,1,1062.757477744951,360.0,0,0
44,0,1,7451.0,1.0,128.0,0,1263.9550265862595,360.0,1,1
57,1,0,5050.0,1.0,118.0,3,1437.8448823528383,360.0,1,1
55,1,0,14583.0,1.0,185.0,1,6470.918108247207,180.0,0,1
64,0,0,5450.0,1.0,154.0,0,881.5686295044602,360.0,1,1
60,1,0,3612.0,1.0,85.0,3,797.9400976157308,360.0,2,1
42,1,0,7710.0,1.0,175.0,1,2241.9968691244076,360.0,0,0
47,0,0,10408.0,1.0,259.0,1,5145.3445812961245,360.0,2,1
55,1,0,8334.0,1.0,180.0,0,1709.1598390684717,360.0,0,1
21,0,0,4166.0,1.0,44.0,0,1680.6688602890667,360.0,1,1
55,0,0,11117.0,0.0,137.0,0,1028.5907968758836,360.0,1,1
57,1,0,2957.0,1.0,81.0,3,1396.3097792659987,360.0,1,1
34,1,0,6314.0,1.0,194.0,0,303.3259748720842,360.0,0,1
23,0,0,3692.0,1.0,93.0,1,750.2002010729217,360.0,0,1
21,1,0,23803.0,1.0,370.0,1,3855.967712262576,360.0,0,1
25,1,0,5505.0,1.0,128.0,0,167.98259139155007,360.0,0,1
46,1,1,14363.0,0.0,160.0,0,3328.630133319464,180.0,2,0
34,1,0,8649.0,1.0,182.0,2,2237.150024115847,360.0,0,0
59,1,1,20166.0,1.0,650.0,1,8551.675586592586,480.0,2,1
47,1,0,3943.0,1.0,74.0,3,123.63632789034746,360.0,2,1
29,1,0,2718.0,1.0,70.0,2,1191.0874991145242,360.0,1,1
35,1,1,3459.0,1.0,25.0,0,1111.939762270851,120.0,1,1
35,1,0,4895.0,1.0,102.0,0,1722.9081657515019,360.0,1,1
46,1,0,11750.0,1.0,290.0,1,1821.2480070806077,360.0,1,0
62,0,0,4583.0,1.0,84.0,0,1431.6404525956098,360.0,0,0
33,1,1,6816.0,1.0,88.0,3,556.8655911544265,360.0,2,1
52,1,0,14999.0,0.0,242.0,1,6187.892432004237,360.0,1,0
59,1,0,5630.0,1.0,129.0,0,762.4243456096901,360.0,0,0
52,1,0,7125.0,1.0,185.0,1,86.28906737855392,360.0,0,0
24,1,0,5417.0,1.0,168.0,0,2249.827731031979,360.0,2,1
50,1,1,6950.0,1.0,175.0,0,1199.5427034624327,180.0,1,1
57,1,0,4732.0,1.0,122.0,0,1043.902771798608,360.0,1,1
43,1,0,11757.0,1.0,187.0,3,2132.47228379376,180.0,2,1
59,0,0,6816.0,1.0,100.0,3,1003.1442432705506,360.0,1,1
35,0,0,14866.0,1.0,70.0,1,1631.621732926766,360.0,2,1
63,1,0,2963.0,1.0,30.0,0,749.4268469379309,360.0,2,1
49,0,0,11666.0,1.0,225.0,0,3898.793873940154,360.0,0,0
56,1,0,5690.0,1.0,125.0,3,277.5981599865643,360.0,1,1
33,1,0,6277.0,0.0,118.0,0,1775.68992176505,360.0,0,0
52,1,1,6327.0,1.0,152.0,3,1269.645781823475,360.0,0,1
27,1,0,9166.0,1.0,244.0,0,2158.892969695751,360.0,2,0
42,1,0,2281.0,1.0,113.0,1,207.6931918260157,360.0,0,0
48,1,0,3254.0,1.0,50.0,0,788.7344033536132,360.0,2,1
22,1,0,39999.0,0.0,600.0,0,10248.896888810492,180.0,1,1
62,1,0,6000.0,1.0,160.0,2,2225.0608326859965,360.0,0,1
26,1,0,9538.0,1.0,187.0,3,3332.795873724353,360.0,2,1
48,1,0,5063.0,1.0,120.0,0,599.799564959501,360.0,0,1
48,1,0,10208.0,1.0,255.0,0,499.5999508226992,360.0,1,1
64,1,0,2904.0,1.0,98.0,2,600.8679572771304,360.0,1,1
64,1,0,7933.0,1.0,275.0,2,1672.6886564055924,360.0,2,0
40,1,0,4369.0,0.0,121.0,3,204.30060808307277,360.0,1,0
50,1,0,5614.0,1.0,158.0,2,1876.3423896260094,360.0,0,1
31,1,0,9323.0,1.0,75.0,1,3222.130689247404,180.0,2,1
48,1,0,6873.0,1.0,182.0,2,1266.2812779216997,360.0,0,1
45,0,0,4583.0,1.0,112.0,1,1884.9509516516007,360.0,0,0
59,1,0,5772.0,1.0,129.0,3,645.9224171198714,360.0,0,1
53,1,0,2237.0,0.0,63.0,3,911.6383781681483,480.0,1,0
21,1,0,8000.0,1.0,200.0,3,1992.363014044023,360.0,1,1
47,1,0,3589.0,1.0,95.0,3,61.129613923296176,360.0,0,1
33,1,0,51763.0,1.0,700.0,3,10488.428390288625,300.0,2,1
61,1,0,3522.0,1.0,81.0,1,876.0356782985873,180.0,0,0
23,1,0,11333.0,1.0,187.0,1,2055.458167978572,360.0,1,1
59,1,1,5080.0,1.0,87.0,3,231.48900183948072,360.0,1,0
26,1,0,5461.0,1.0,116.0,2,244.82241484779507,360.0,0,1
28,1,0,3664.0,1.0,101.0,0,269.6166881938953,360.0,0,1
47,1,0,16816.0,0.0,495.0,3,735.0025689168931,360.0,1,0
29,1,0,3750.0,1.0,116.0,2,1372.8460846107419,360.0,1,1
57,1,0,3784.0,0.0,102.0,0,292.4773155451038,480.0,2,0
53,1,0,13650.0,0.0,180.0,3,2025.913802743832,360.0,2,0
62,1,0,6979.0,1.0,67.0,3,473.51434843246403,360.0,0,0
64,1,0,4600.0,1.0,73.0,1,1318.5770698126214,180.0,1,1
44,1,0,33846.0,1.0,260.0,0,14183.2841378663,360.0,1,0
35,0,0,3625.0,1.0,108.0,0,732.9414715576065,360.0,1,1
52,1,1,43897.0,1.0,120.0,2,15089.433838967498,360.0,1,1
52,1,1,2178.0,0.0,66.0,1,459.5972688506985,300.0,0,0
44,1,0,4521.0,1.0,58.0,1,421.6377451727287,360.0,0,1
61,1,1,5970.0,1.0,168.0,1,323.0573587545553,360.0,0,1
32,1,0,9328.0,1.0,188.0,1,859.9059740466844,180.0,0,1
59,1,0,4885.0,1.0,48.0,0,220.64802621080722,360.0,0,1
22,1,0,12000.0,1.0,164.0,0,4625.915553212871,360.0,1,0
23,1,0,6033.0,1.0,160.0,3,205.87523620061725,360.0,2,0
57,1,0,3858.0,1.0,76.0,3,1614.7253730661437,360.0,1,1
37,1,0,4191.0,1.0,120.0,1,916.1387620666038,360.0,0,1
22,1,0,5708.0,1.0,170.0,1,1430.4901207686157,360.0,1,0
22,1,0,12083.0,1.0,187.0,1,3006.26666586442,360.0,0,1
48,0,0,4272.0,1.0,120.0,3,582.0208499920876,360.0,2,1
43,0,0,6232.0,1.0,113.0,2,1621.4160093746636,360.0,1,1
57,1,1,11000.0,1.0,83.0,2,2181.5715517862986,360.0,2,0
52,1,0,5100.0,1.0,90.0,3,1240.313017501523,360.0,1,1
53,1,0,4923.0,0.0,166.0,3,332.3056443723009,360.0,1,1
21,1,0,3992.0,1.0,128.0,3,965.5748640970959,180.0,2,0
39,1,0,4583.0,1.0,135.0,3,472.34463918634106,360.0,2,1
22,1,0,3917.0,1.0,124.0,3,1057.2820824916969,360.0,1,1
64,0,0,4408.0,1.0,120.0,3,357.0785868730525,360.0,1,1
46,0,0,3244.0,1.0,80.0,1,1364.9611090228905,360.0,2,1
52,1,0,6506.0,1.0,55.0,1,1682.2356005126826,360.0,0,1
26,1,0,2479.0,1.0,59.0,1,1184.0154096207523,360.0,2,1
52,1,0,3418.0,1.0,127.0,1,264.3346887694507,360.0,1,0
24,0,0,10000.0,1.0,214.0,3,3116.6627545249535,360.0,1,0
31,1,0,4680.0,0.0,128.0,2,813.316984421134,360.0,1,0
37,1,1,7787.0,1.0,240.0,0,1340.8580607142221,360.0,2,1
58,1,1,5703.0,1.0,130.0,3,1002.416769474225,360.0,0,1
44,1,0,6194.0,1.0,137.0,0,654.8969680376125,360.0,2,1
25,1,0,4833.0,1.0,100.0,2,1356.9816831512346,360.0,1,1
54,1,0,1950.0,1.0,135.0,1,44.87145437011159,360.0,0,0
26,1,0,5502.0,1.0,131.0,2,856.6164990303679,360.0,1,1
42,1,0,5000.0,0.0,72.0,3,189.83352592405524,360.0,1,0
31,0,0,6666.0,1.0,127.0,1,166.53448434508658,360.0,1,1
36,1,0,2221.0,0.0,60.0,3,2.597893289926757,360.0,2,0
53,1,0,5726.0,1.0,116.0,1,1939.7534236611048,360.0,1,1
29,1,0,5762.0,1.0,144.0,0,7.804547468480791,360.0,1,1
26,1,0,8588.0,1.0,175.0,0,390.62220364607936,360.0,1,1
36,1,0,6250.0,1.0,128.0,0,983.1142400294091,360.0,1,1
49,1,0,3250.0,1.0,170.0,2,1312.0741592022368,360.0,0,0
23,1,1,4735.0,1.0,138.0,3,2277.7688752965487,360.0,2,0
40,1,0,7945.0,1.0,210.0,2,2468.79237122455,360.0,1,1
56,1,0,4758.0,1.0,158.0,0,1642.8427929881789,480.0,1,1
39,1,1,6400.0,1.0,200.0,3,1668.1621357234221,360.0,0,1
46,1,0,4545.0,1.0,104.0,0,107.99134137434969,360.0,1,1
23,1,0,3716.0,1.0,42.0,2,1780.2813334013026,180.0,0,1
39,1,0,5787.0,1.0,120.0,2,1209.256704036389,360.0,0,1
40,0,0,8333.0,1.0,280.0,2,2662.182613995202,360.0,1,1
52,1,0,4934.0,1.0,140.0,0,1197.3790463375356,360.0,1,1
27,1,0,6760.0,1.0,170.0,3,1991.2841555011312,360.0,0,1
61,1,0,5746.0,1.0,255.0,3,1830.7663287351957,360.0,2,0
53,0,1,3463.0,1.0,122.0,0,1697.8687295116495,360.0,2,1
60,0,0,3812.0,1.0,112.0,3,1721.8114268842635,360.0,0,1
59,1,0,3315.0,1.0,96.0,0,1071.8471034366983,360.0,1,1
38,1,0,10819.0,1.0,120.0,3,2016.7932777339224,360.0,0,1
60,1,0,4493.0,1.0,140.0,1,64.75273735668105,180.0,2,0
21,1,0,8666.0,1.0,155.0,1,993.1526411954331,60.0,2,1
31,1,1,7550.0,1.0,108.0,2,138.01699284406305,360.0,0,1
48,1,0,7823.0,1.0,123.0,1,1001.8131781197926,360.0,1,1
45,1,1,10383.0,1.0,120.0,1,3023.0443361866505,180.0,2,0
43,1,0,9703.0,1.0,112.0,1,2696.4956298424772,360.0,2,1
51,1,0,6608.0,1.0,137.0,0,1563.4862301407256,180.0,2,1
50,1,0,4725.0,1.0,123.0,1,450.8238482245516,480.0,1,1
62,1,0,3677.0,1.0,90.0,1,109.01267251235708,360.0,2,1
55,1,0,5558.0,0.0,201.0,2,609.6737419962069,360.0,1,0
27,0,0,3427.0,1.0,138.0,1,330.01843411067773,360.0,2,0
36,1,1,4750.0,1.0,104.0,1,148.88673044086778,360.0,0,1
46,1,0,9762.0,1.0,279.0,3,561.1552187714469,180.0,1,1
22,1,1,16250.0,0.0,192.0,2,6462.1524334176665,360.0,2,0
21,0,0,3083.0,1.0,255.0,2,1148.5170009273197,360.0,0,1
32,1,0,6045.0,0.0,115.0,2,165.88270276897046,360.0,0,0
25,1,0,5250.0,1.0,94.0,2,1194.7521732199098,360.0,2,0
57,1,0,16783.0,1.0,304.0,2,3835.4534402264867,360.0,0,0
52,1,0,4931.0,1.0,128.0,2,1589.1297671179645,360.0,1,0
29,1,0,10333.0,1.0,330.0,0,1977.4839963730785,360.0,2,1
61,1,0,4269.0,1.0,134.0,1,375.638166941025,360.0,1,1
55,0,0,3481.0,1.0,155.0,2,975.8586561631162,36.0,1,0
39,0,0,7200.0,1.0,120.0,1,1731.822781838711,360.0,0,1
36,1,1,5166.0,1.0,128.0,1,2285.950754899635,360.0,1,1
23,1,0,7542.0,1.0,151.0,0,1085.717859069958,360.0,0,1
40,1,0,6095.0,1.0,150.0,2,1038.1897087551724,360.0,1,1
44,1,0,6144.0,0.0,160.0,3,876.3177267357296,360.0,2,1
53,0,0,3418.0,1.0,135.0,0,978.2790408717929,360.0,0,0
44,0,0,4436.0,1.0,90.0,3,1156.1188963784907,360.0,2,1
31,0,0,3237.0,1.0,30.0,1,871.4028121813046,360.0,2,1
28,1,0,11146.0,1.0,136.0,1,3687.4042907238577,360.0,2,1
56,1,0,4690.0,1.0,126.0,0,1045.1726938230927,360.0,0,1
58,1,0,4843.0,1.0,150.0,0,681.4202239411387,360.0,1,1
60,1,0,3900.0,1.0,90.0,3,832.2932604769856,360.0,1,1
40,1,0,4592.0,1.0,115.0,2,1205.414894560868,360.0,1,1
55,1,0,7267.0,1.0,207.0,3,833.5508967616867,360.0,1,1
45,1,0,4403.0,1.0,80.0,0,716.7043326680241,360.0,2,1
55,1,0,14583.0,1.0,436.0,3,7221.073686231568,360.0,1,1
45,0,0,4100.0,1.0,124.0,0,0.486923330563388,360.0,0,1
49,1,1,6479.0,0.0,158.0,3,375.8608512572281,360.0,2,0
38,1,0,4727.0,1.0,112.0,0,753.9130978573814,360.0,1,1
38,1,0,3286.7999878,1.0,78.0,0,1072.9446907937534,180.0,2,1
22,0,0,3477.0,1.0,54.0,0,63.41189855433502,360.0,2,1
55,1,0,20667.0,1.0,128.0,2,98.01772840008485,360.0,0,0
36,1,0,6211.0,1.0,89.0,3,83.18777700804394,360.0,0,1
61,0,1,4317.0,1.0,99.0,3,115.10643379770359,300.0,1,0
56,1,0,5704.0,1.0,120.0,3,69.62922397799512,360.0,0,1
53,0,0,4124.0,1.0,115.0,0,989.3090959781129,360.0,1,1
24,1,0,9508.0,1.0,187.0,3,2760.919763158716,360.0,0,1
53,1,0,5491.0,1.0,139.0,3,417.7187180185938,360.0,0,1
34,1,0,4400.0,0.0,127.0,0,876.2322447463982,360.0,1,0
41,1,0,4713.0,1.0,134.0,1,144.56400180316962,360.0,2,1
40,0,0,5417.0,0.0,143.0,0,911.0594012792811,480.0,2,0
28,1,0,5717.0,1.0,172.0,3,622.5816168325342,360.0,1,1
27,1,0,5666.0,1.0,110.0,0,1616.8561502636965,360.0,2,1
23,1,0,6875.0,1.0,200.0,1,11.503119522741079,360.0,1,1
37,0,0,4666.0,1.0,135.0,0,1090.2360183323435,360.0,2,1
53,0,0,7541.0,1.0,151.0,3,742.5071911372055,480.0,0,0
32,1,0,4939.0,1.0,113.0,1,858.7915744437447,360.0,2,0
42,1,0,4734.0,0.0,93.0,2,643.9979837108177,360.0,2,0
42,1,0,4625.0,1.0,105.0,3,846.8435183019113,360.0,1,1
50,0,0,5000.0,1.0,132.0,1,693.1641142419339,360.0,0,1
58,1,0,3428.0,1.0,96.0,1,739.6505204217466,360.0,2,1
58,1,0,6500.0,1.0,140.0,2,90.20135444064637,360.0,0,1
28,1,0,2000.0,1.0,128.0,0,109.46759867911516,360.0,2,0
47,0,0,5428.0,1.0,135.0,0,736.6562943564097,360.0,0,1
47,0,0,4263.0,0.0,104.0,3,149.3250687562276,360.0,2,0
54,1,0,20233.0,1.0,480.0,2,9675.579404359924,360.0,0,0
41,1,0,7667.0,1.0,185.0,0,3059.09206643666,360.0,0,1
50,0,0,2917.0,1.0,84.0,2,377.7261973612452,360.0,1,1
53,1,0,5332.0,1.0,111.0,0,861.3491141023446,360.0,1,1
48,0,0,2507.0,1.0,56.0,1,1231.3513006528824,360.0,0,1
53,1,1,5746.0,1.0,144.0,0,2540.303664171808,84.0,0,1
25,1,0,4316.0,1.0,159.0,2,742.8872790257778,360.0,0,0
39,1,0,5039.0,1.0,111.0,1,1535.8788822143722,180.0,2,1
24,1,0,3717.0,1.0,120.0,1,1838.4001548881276,360.0,1,1
55,1,0,4192.0,1.0,88.0,1,764.9100547575392,360.0,2,1
37,0,0,3541.0,1.0,112.0,2,115.05843798946387,360.0,1,1
64,1,1,10000.0,1.0,155.0,3,2007.9011821274373,360.0,0,0
48,1,0,4567.0,1.0,115.0,3,1005.3908823398946,360.0,1,1
50,1,0,4531.0,1.0,124.0,3,500.56572409269626,360.0,1,1
49,1,0,5191.0,1.0,128.0,2,1495.5718532099995,360.0,0,1
26,0,0,6151.0,1.0,132.0,1,190.49626030139856,360.0,0,1
55,1,0,15000.0,1.0,300.0,3,352.0901786085975,360.0,0,1
61,1,1,13649.0,0.0,376.0,2,1664.2646195915843,360.0,0,0
57,1,0,4917.0,0.0,130.0,3,90.30546816332959,360.0,0,1
44,1,1,7978.0,1.0,184.0,0,2784.6991950184943,360.0,1,1
49,0,0,6784.0,1.0,110.0,3,1789.974639937627,360.0,2,0
51,0,0,2500.0,1.0,67.0,3,1000.9621089123439,360.0,2,1
55,1,0,6177.0,1.0,117.0,1,1380.4732072075676,360.0,2,1
53,1,0,2935.0,1.0,98.0,2,317.4555038061423,360.0,1,1
41,1,0,2833.0,1.0,71.0,1,734.1158093971095,360.0,2,1
52,1,0,63337.0,1.0,490.0,1,18914.773962760253,180.0,2,1
43,1,1,11666.0,1.0,182.0,1,2581.3173739795084,180.0,2,1
53,1,1,9993.0,1.0,70.0,1,716.0321119186274,360.0,1,1
23,1,0,5938.0,1.0,160.0,1,1352.5258013261555,360.0,0,1
38,1,1,7100.0,1.0,176.0,3,613.9829260857832,360.0,0,1
45,0,0,1830.0,0.0,128.0,1,911.6472348631527,360.0,2,0
62,0,0,4160.0,1.0,71.0,1,1866.667187936104,360.0,1,1
51,1,0,4234.0,1.0,173.0,2,613.2844202633729,360.0,0,0
23,0,0,2378.0,1.0,46.0,0,740.6725483098561,360.0,0,0
60,1,0,5783.0,1.0,158.0,3,1702.9036425180043,360.0,2,1
44,1,0,3173.0,1.0,74.0,3,55.31357671096322,360.0,1,1
52,1,0,4913.0,1.0,125.0,3,1155.7910413457553,360.0,0,1
42,1,0,4957.0,1.0,160.0,1,1074.7284571141956,360.0,1,1
43,1,0,6753.0,0.0,152.0,1,805.7666402283854,360.0,0,0
22,1,0,5251.0,1.0,126.0,1,602.9881944129055,360.0,2,1
47,1,0,10916.0,1.0,259.0,2,864.3258604825213,360.0,1,1
62,1,0,8875.0,1.0,187.0,0,625.6383371836085,360.0,0,1
22,1,0,9083.0,1.0,228.0,1,201.5366174361948,360.0,1,1
46,1,0,12917.0,1.0,308.0,0,3728.346708393159,360.0,0,0
37,1,0,4749.0,1.0,95.0,2,47.21801710192058,360.0,0,1
60,0,1,5500.0,0.0,105.0,3,904.8912547671453,360.0,0,0
53,0,0,2928.0,1.0,130.0,1,1128.6206650984564,360.0,1,1
29,0,0,3813.0,1.0,116.0,0,1401.6829258489627,180.0,2,1
63,1,0,11500.0,1.0,165.0,0,1172.4154372462654,360.0,0,1
59,1,0,3875.0,1.0,67.0,1,489.50761954921484,360.0,2,0
49,1,0,4666.0,0.0,100.0,3,7.623209727038949,480.0,2,0
62,1,0,8334.0,1.0,200.0,3,1797.3778755773296,360.0,1,1
46,0,0,4723.0,1.0,81.0,3,115.20242812119825,360.0,1,0
55,1,0,8667.0,1.0,236.0,2,1331.5062985019051,360.0,1,1
45,1,0,7083.0,1.0,130.0,0,2285.039684906118,360.0,2,1
44,1,0,6046.0,1.0,95.0,0,164.9148376720348,300.0,2,1
33,1,1,6822.0,1.0,141.0,0,3051.071044532078,360.0,0,1
27,1,0,6216.0,1.0,133.0,2,3081.5053416308097,360.0,0,0
56,1,0,2500.0,1.0,96.0,0,76.89628279904382,480.0,1,0
40,1,0,5124.0,0.0,124.0,2,2262.005861530176,360.0,0,0
21,1,0,6325.0,1.0,175.0,3,1632.0999021529376,360.0,1,1
28,1,0,24996.0,1.0,570.0,1,8942.757842320781,360.0,0,0
36,0,1,15759.0,1.0,55.0,0,4501.707602855284,360.0,1,1
34,1,0,5185.0,1.0,155.0,0,1716.5253862012687,360.0,1,1
32,1,1,17196.0,1.0,380.0,3,2534.825379629877,300.0,0,1
43,1,0,5049.0,0.0,111.0,1,1323.5385997505505,180.0,2,0
35,0,0,4223.0,1.0,110.0,2,1014.2635079940158,360.0,2,1
48,1,0,5740.0,1.0,120.0,1,1255.4554618865293,180.0,2,1
54,1,0,13746.0,1.0,130.0,3,3798.203517725518,360.0,0,1
22,1,0,4310.0,1.0,130.0,3,528.5903220102459,360.0,1,1
52,1,0,3069.0,1.0,71.0,1,241.4392423135261,480.0,2,0
43,1,0,5391.0,1.0,130.0,2,432.35848391720936,360.0,2,1
42,1,0,5833.0,1.0,128.0,2,556.6257964289389,360.0,1,1
45,1,0,10173.0,1.0,296.0,0,709.0287379796725,360.0,1,1
42,0,0,6000.0,1.0,156.0,2,2790.271051529216,360.0,2,1
42,1,1,7167.0,1.0,128.0,1,379.2564752347308,360.0,2,1
62,1,0,4566.0,1.0,100.0,3,1595.7958549443786,360.0,2,0
26,1,0,3667.0,1.0,113.0,0,346.9376931958083,180.0,2,1
35,1,0,3946.0,1.0,132.0,0,1034.1603567396207,360.0,1,1
63,1,0,6146.0,0.0,128.0,3,1446.7795087182856,360.0,2,0
57,1,0,4750.0,1.0,136.0,2,542.9707652301859,360.0,2,1
53,1,0,5488.0,1.0,125.0,3,2412.172141745993,360.0,0,1
28,1,0,9167.0,1.0,185.0,2,23.582890154235137,360.0,0,1
64,1,0,9504.0,1.0,275.0,3,3896.3877515232916,360.0,0,1
64,1,0,4698.0,1.0,120.0,1,295.26939610943873,360.0,2,1
25,1,0,3618.0,1.0,113.0,2,905.5208546869251,180.0,1,1
59,1,0,4500.0,1.0,113.0,1,1.7361727941697047,360.0,2,1
24,1,0,3760.0,1.0,135.0,0,911.025681995122,360.0,1,1
26,0,0,3180.0,0.0,71.0,3,1203.050928018046,360.0,2,0
52,1,0,4492.0,1.0,95.0,0,392.3008535033774,360.0,2,1
50,1,0,5568.0,1.0,109.0,0,376.8022188098088,360.0,0,1
55,0,0,3300.0,0.0,103.0,0,63.073668350988484,360.0,1,0
60,1,0,2889.0,0.0,45.0,0,471.5333012590067,180.0,2,0
36,1,0,2755.0,1.0,65.0,3,771.1855402054126,300.0,0,0
33,1,0,22500.0,1.0,103.0,0,144.8048209753221,360.0,1,1
62,0,0,1963.0,1.0,53.0,3,369.72649779004297,360.0,1,1
50,0,1,7441.0,1.0,194.0,3,33.75388151046322,360.0,0,0
39,0,0,4547.0,1.0,115.0,1,1861.2676625063903,360.0,1,1
37,1,0,4567.0,1.0,115.0,2,139.17418605397285,360.0,2,1
39,0,0,2213.0,1.0,66.0,2,313.51897225586606,360.0,0,1
48,1,0,8300.0,0.0,152.0,3,76.4750327636025,300.0,1,0
46,1,0,81000.0,0.0,360.0,1,17505.751747646747,360.0,0,0
57,0,1,3867.0,1.0,62.0,3,1624.3749255501466,360.0,1,0
46,1,0,6256.0,1.0,160.0,3,1226.648989400575,360.0,2,1
43,1,0,6096.0,0.0,218.0,3,547.1078417958443,360.0,0,0
29,1,0,4286.0,1.0,110.0,1,849.0417365579099,360.0,0,1
32,0,0,5386.0,0.0,178.0,2,847.5731020201147,360.0,1,0
21,0,0,2995.0,1.0,60.0,1,260.1958292730813,360.0,2,1
21,0,0,2600.0,1.0,160.0,0,1002.1103411032867,360.0,2,0
54,1,1,21600.0,1.0,239.0,1,757.8383106050704,360.0,2,0
52,1,0,3798.0,1.0,112.0,1,85.26851330278957,360.0,0,1
45,1,0,4663.0,1.0,138.0,1,1251.307506779656,360.0,1,1
60,1,0,5829.0,1.0,138.0,1,2065.133107414363,360.0,0,1
21,0,0,2720.0,0.0,80.0,2,644.0604882717204,360.0,2,0
36,1,0,3539.0,1.0,100.0,0,52.70761910850645,360.0,2,1
59,1,0,8917.0,0.0,110.0,2,270.7672643722208,360.0,2,0
25,1,0,14880.0,1.0,96.0,2,6341.965064437939,360.0,1,1
42,1,0,6966.0,1.0,121.0,1,1319.8677808766124,360.0,0,1
49,0,0,4606.0,1.0,81.0,3,1556.9483483010954,360.0,0,0
23,1,0,5935.0,1.0,133.0,3,1323.3812760531289,360.0,1,1
32,1,0,2936.12000084,1.0,87.0,2,945.457519366785,360.0,0,1
46,1,0,2717.0,1.0,60.0,2,807.4867747619788,180.0,2,1
36,0,1,8624.0,1.0,150.0,1,1654.136066869041,360.0,1,1
57,1,0,6500.0,0.0,105.0,2,213.28496986554208,360.0,0,0
42,1,0,12876.0,1.0,405.0,1,5288.900355409105,360.0,1,1
49,1,0,4765.0,1.0,143.0,3,450.84815420195355,360.0,1,1
34,1,0,3750.0,1.0,100.0,3,1535.2230812945506,360.0,2,1
48,0,0,10047.0,1.0,128.0,0,1268.4777040595882,240.0,1,1
25,1,0,3777.0,1.0,50.0,3,0.9913890913449608,360.0,1,1
50,1,0,3338.0,1.0,128.0,2,175.8652104457311,360.0,2,1
25,1,1,10416.0,0.0,187.0,3,2440.1532825307872,360.0,2,0
32,0,1,7142.0,1.0,138.0,1,3372.1082804344105,360.0,0,1
36,1,0,8724.0,1.0,187.0,3,187.01432403950574,360.0,1,1
46,1,0,9734.0,1.0,180.0,0,3374.5557140104165,360.0,0,1
46,1,0,6700.0,1.0,148.0,3,1240.3512104346173,360.0,1,1
41,1,0,37719.0,1.0,152.0,1,15576.45268260315,360.0,1,1
59,1,0,15666.0,1.0,175.0,1,1093.9898512248078,300.0,0,1
56,1,1,4676.0,1.0,130.0,2,1455.6284363773937,360.0,0,1
53,1,0,4652.0,1.0,110.0,3,1797.5857863190872,360.0,0,1
50,1,0,4915.0,1.0,55.0,1,407.0799921241223,360.0,0,0
57,1,0,5050.0,0.0,150.0,0,219.32966110366135,360.0,0,0
43,1,1,4311.0,1.0,190.0,2,1201.8212095459594,360.0,1,0
30,1,0,3564.0,0.0,125.0,0,1112.0567163966323,360.0,0,0
25,1,0,3414.0,1.0,60.0,3,30.6449651588184,300.0,2,1
56,1,0,5681.0,0.0,149.0,3,1443.5271122060553,360.0,0,0
54,1,0,4949.0,0.0,90.0,3,1129.1746803417166,180.0,0,1
51,1,1,7085.0,1.0,84.0,2,3037.198126237676,360.0,1,1
30,1,0,3859.0,1.0,96.0,1,1861.0422512453674,360.0,1,1
39,1,0,4301.0,1.0,118.0,2,1634.582315681128,360.0,2,1
52,1,0,6277.0,1.0,173.0,0,820.0219054542076,360.0,2,0
21,1,0,4354.0,1.0,136.0,2,679.119483307899,360.0,0,1
25,1,0,8334.0,1.0,160.0,0,1336.5349994056771,360.0,1,0
24,1,1,6166.0,1.0,160.0,2,754.4862135276028,360.0,1,1
36,1,0,7740.0,1.0,128.0,1,2886.3892365598317,180.0,2,1
44,1,0,5203.0,1.0,153.0,0,302.0414088996843,360.0,0,1
36,0,0,5191.0,1.0,132.0,3,2253.2127624146733,360.0,1,1
22,1,0,4166.0,0.0,98.0,3,1489.1867757412817,360.0,1,0
48,1,0,6000.0,1.0,140.0,2,1688.250859030148,360.0,0,1
52,1,0,4611.0,0.0,70.0,3,694.8030799610525,180.0,2,0
47,1,0,16692.0,1.0,110.0,0,4533.820997122991,360.0,1,1
40,0,0,3127.0,1.0,98.0,3,16.72080251932277,360.0,1,1
44,1,0,6784.0,1.0,110.0,1,441.31875655704806,360.0,2,0
32,1,1,5529.0,1.0,162.0,1,157.25874595068063,360.0,1,1
55,1,0,4153.0,0.0,113.0,2,203.82738762071597,180.0,0,0
53,1,0,4691.0,1.0,100.0,0,1064.1384199666904,360.0,1,1
53,0,1,2500.0,1.0,93.0,1,662.9429921603202,360.0,2,1
63,1,0,10180.0,1.0,162.0,1,49.40599459503139,360.0,0,1
57,1,1,17539.0,1.0,150.0,0,6583.542052726528,360.0,0,1
32,1,0,8450.0,1.0,230.0,3,985.4627107006509,300.0,1,1
23,1,0,4745.0,0.0,132.0,3,1309.8524642199122,360.0,1,0
21,1,1,18917.0,1.0,86.0,2,8062.755115325416,360.0,1,1
53,1,0,4550.0,1.0,128.0,3,273.2736518360502,360.0,2,0
60,0,0,4350.0,1.0,154.0,0,1005.0616074153119,360.0,0,1
30,1,0,3095.0,1.0,113.0,1,1.906264920044061,360.0,0,1
63,1,0,5233.0,1.0,128.0,3,623.1578466250077,360.0,1,1
64,1,0,10833.0,1.0,234.0,2,3289.4753770147586,360.0,1,1
49,1,0,8333.0,1.0,246.0,3,1031.3752250214627,360.0,1,1
33,1,0,4394.0,1.0,131.0,0,546.6860064589508,360.0,0,1
32,1,0,3547.0,0.0,80.0,2,399.9954426239648,360.0,0,0
51,1,0,18333.0,1.0,500.0,3,1474.2066623052292,360.0,2,0
22,1,1,6666.0,1.0,160.0,2,1492.9568581773894,360.0,1,1
55,1,0,2435.0,1.0,75.0,0,396.8142523616512,360.0,2,0
43,1,0,5484.0,1.0,96.0,1,796.5611855261475,360.0,1,1
37,1,0,6464.0,1.0,186.0,0,1155.2524561329196,360.0,2,1
46,1,0,3691.0,1.0,110.0,0,1816.6205223620593,360.0,0,1
28,0,1,17263.0,1.0,225.0,0,1291.105317185094,360.0,1,1
49,1,0,5754.0,0.0,119.0,0,835.5805760495045,360.0,0,0
46,0,0,4239.0,1.0,105.0,1,1131.5993696355579,84.0,1,1
30,1,0,4300.0,1.0,107.0,1,514.2086090439593,360.0,0,1
46,1,0,7482.0,1.0,111.0,2,2253.99340745097,12.0,2,1
54,1,1,2895.0,1.0,95.0,3,1044.9323414242385,360.0,1,1
61,1,0,10699.0,0.0,209.0,1,2063.914788538855,360.0,0,0
27,0,0,4328.0,1.0,113.0,1,244.15161380461953,480.0,0,1
24,0,0,3159.0,1.0,100.0,3,1504.7085237821536,360.0,1,1
31,1,0,10489.0,1.0,208.0,1,2208.2688733851373,360.0,1,1
49,1,0,9352.0,1.0,138.0,0,1466.677748955984,360.0,0,0
56,1,0,5297.0,1.0,124.0,0,1428.6512457661468,300.0,1,1
45,1,0,7926.0,1.0,243.0,3,256.0932399316803,360.0,0,1
41,1,0,27500.0,1.0,480.0,2,1070.737081397852,360.0,2,1
56,1,0,3583.0,1.0,96.0,2,1022.7754150538203,360.0,2,0
30,1,1,5492.0,1.0,188.0,3,22.76668598779933,360.0,2,1
57,0,0,13262.0,1.0,40.0,3,3198.5051660686036,360.0,2,1
29,1,0,4885.0,1.0,100.0,0,378.4188942740446,360.0,0,0
44,1,0,8069.0,1.0,250.0,2,1049.295241382976,360.0,1,1
55,1,0,5318.0,1.0,148.0,1,1273.4834738041375,360.0,2,1
55,1,0,8796.0,1.0,70.0,0,1002.4179420074917,180.0,1,0
56,1,0,9481.0,1.0,311.0,3,210.5503112654879,360.0,0,0
38,1,0,6894.0,1.0,150.0,2,925.8417429571793,360.0,0,1
59,0,0,3663.0,1.0,113.0,1,896.2127548498038,480.0,1,1
52,1,0,4874.0,0.0,123.0,1,126.8156174349275,360.0,1,0
44,1,0,6598.0,1.0,185.0,0,1930.5996408089363,360.0,1,0
43,0,0,3400.0,1.0,95.0,2,608.2622965780613,360.0,0,0
52,1,0,3934.0,1.0,45.0,2,353.01579363239154,360.0,1,1
57,1,0,2500.0,1.0,55.0,3,1221.8329828934823,360.0,1,1
32,1,1,7101.0,1.0,100.0,2,570.138526574122,360.0,0,1
33,1,1,15114.0,1.0,480.0,2,2754.752720829334,360.0,0,1
43,1,0,6767.0,1.0,128.0,0,1922.1713035430876,360.0,1,0
45,1,1,17500.0,1.0,400.0,2,360.3555836936272,360.0,0,1
55,1,0,3775.0,1.0,110.0,1,1265.352552643953,360.0,1,1
61,1,0,6715.0,0.0,161.0,0,2514.4708072339513,360.0,1,1
50,1,0,3981.0,1.0,94.0,0,166.3926454322355,360.0,1,1
37,1,0,6783.0,1.0,130.0,3,3039.5345480563074,360.0,1,1
40,1,0,6525.0,1.0,216.0,2,304.82302665567977,360.0,0,1
45,1,0,4281.0,1.0,100.0,3,1319.8421074766256,360.0,2,1
42,1,0,3588.0,0.0,110.0,1,1099.6218497088971,360.0,0,0
33,1,0,11250.0,1.0,196.0,0,1680.9518606473903,360.0,1,0
39,0,1,18165.0,1.0,125.0,0,8493.970487457342,360.0,2,1
56,1,0,4592.0,1.0,126.0,0,1207.8718398545743,360.0,0,1
32,1,0,10039.0,1.0,324.0,1,1917.496740546071,360.0,2,1
61,1,0,3617.0,1.0,107.0,1,1416.8199998654102,360.0,1,1
39,1,0,3453.0,1.0,66.0,3,892.9782724076689,360.0,0,0
32,1,0,6417.0,1.0,157.0,3,1554.1924190413092,180.0,0,1
29,0,0,7453.0,1.0,140.0,3,1522.5295525614736,180.0,1,1
27,0,0,2138.0,0.0,99.0,2,591.1585528208036,360.0,1,0
48,0,0,3652.0,1.0,95.0,0,1090.9909251659044,360.0,1,1
34,1,0,4763.0,1.0,128.0,0,877.5005435524159,360.0,2,1
51,0,0,3680.0,1.0,102.0,3,725.4434297407937,360.0,1,1
39,1,0,4718.0,1.0,155.0,0,56.40368283198231,360.0,0,1
36,1,0,3358.0,1.0,80.0,3,275.3551285813659,36.0,1,0
25,1,0,4309.0,1.0,145.0,2,553.960914426287,360.0,0,1
55,0,0,5000.0,0.0,103.0,2,1812.0663996851458,360.0,1,0
32,1,0,4801.0,1.0,110.0,1,826.1405177719239,360.0,0,1
45,1,1,6633.0,0.0,128.0,2,2156.70066744931,360.0,0,0
41,1,0,4867.0,1.0,128.0,3,597.181545006054,360.0,0,1
56,1,0,6583.0,1.0,158.0,2,1026.1340795667477,360.0,2,1
43,1,0,4787.0,0.0,181.0,1,403.70439619859053,360.0,2,0
36,1,0,7859.0,0.0,132.0,0,844.6830277795588,180.0,0,0
59,1,0,6500.0,1.0,26.0,3,2034.8589653366087,360.0,1,1
62,0,0,4292.0,1.0,84.0,0,1162.5890107606572,360.0,2,1
59,1,1,10139.0,1.0,260.0,1,2198.4157154919135,360.0,1,1
34,1,0,6556.0,1.0,162.0,1,84.85643175425648,360.0,1,1
51,0,0,6486.0,1.0,182.0,1,337.89561726681757,360.0,1,1
25,1,0,3917.0,1.0,108.0,0,38.33234344820126,360.0,1,1
55,0,1,19484.0,1.0,600.0,0,6364.08833341007,360.0,1,1
43,1,0,7977.0,1.0,211.0,0,984.1497629891551,360.0,0,1
49,1,1,5800.0,1.0,132.0,0,1573.1880435861658,360.0,1,1
63,1,0,8799.0,0.0,258.0,1,2170.171487425326,360.0,2,0
31,1,0,4467.0,1.0,120.0,1,182.08941441534503,360.0,0,1
38,1,0,3333.0,1.0,70.0,3,672.0350583128658,360.0,2,1
32,1,0,5900.0,0.0,123.0,3,374.95391236794956,360.0,0,0
29,0,0,2378.0,1.0,9.0,0,497.4773487258391,360.0,2,0
30,1,0,5230.0,0.0,104.0,2,322.26441778177013,360.0,2,0
64,1,0,5167.0,1.0,186.0,2,1435.912936124141,360.0,2,1
37,1,0,6567.0,0.0,165.0,1,445.58655496717284,360.0,2,0
58,1,0,16666.0,1.0,275.0,1,8006.184335540979,360.0,2,1
27,1,0,7750.0,1.0,187.0,1,1273.716308825006,480.0,1,0
33,1,0,6406.0,1.0,150.0,3,2710.523670337015,360.0,1,0
60,1,0,3620.0,1.0,108.0,3,993.1340303562903,84.0,2,1
62,1,0,5297.0,0.0,136.0,1,1135.0131859905891,360.0,1,0
29,1,0,5968.0,1.0,110.0,1,1239.4902172838167,360.0,2,1
47,1,0,4014.0,1.0,107.0,1,449.8167897666789,360.0,0,1
22,1,0,6099.0,1.0,161.0,2,864.3911326709919,360.0,2,1
25,1,0,6540.0,1.0,205.0,3,1680.7664877345308,360.0,1,1
49,1,0,35673.0,1.0,90.0,2,539.8375910866927,360.0,2,0
57,0,0,3166.0,1.0,36.0,2,46.531407632551044,360.0,1,1
58,1,0,1880.0,1.0,61.0,1,371.78425965807435,360.0,0,0
39,1,0,4704.0,0.0,146.0,1,844.7239723474926,360.0,0,0
28,1,0,7283.0,1.0,172.0,0,1280.0250149954336,84.0,0,0
21,1,0,3819.0,1.0,104.0,0,910.7100746545678,360.0,2,1
42,0,0,2165.0,1.0,70.0,2,709.0476092857575,360.0,1,1
37,1,0,4750.0,1.0,94.0,3,2356.316626309097,360.0,1,1
27,1,1,2726.0,0.0,106.0,1,386.89372249358314,360.0,1,0
45,1,0,6416.0,1.0,56.0,1,538.7265444993473,180.0,1,1
24,1,1,6000.0,1.0,205.0,2,1151.5414556033888,240.0,1,0
56,1,1,9357.0,1.0,292.0,0,2179.305217644233,360.0,1,1
26,1,0,7159.0,1.0,142.0,3,1613.0582640658436,180.0,0,1
51,1,1,16120.0,1.0,260.0,0,1900.4842773112314,360.0,2,1
39,1,0,3833.0,1.0,110.0,0,1487.2043967834006,360.0,0,1
64,1,1,7383.0,1.0,187.0,0,1293.54744931815,360.0,0,0
59,1,0,2987.0,0.0,88.0,0,898.8710154992098,360.0,1,0
47,1,1,9963.0,1.0,180.0,1,3151.000666266844,360.0,0,1
30,1,0,5780.0,1.0,192.0,1,1077.5325614760206,360.0,2,1
46,0,0,42083.0,1.0,350.0,0,106.62396268280747,180.0,2,0
39,1,0,5686.0,1.0,155.0,3,597.6561097152176,360.0,0,1
59,1,0,5703.0,1.0,128.0,2,197.13213981114535,360.0,2,1
23,1,0,7977.0,1.0,172.0,3,803.5099846453272,360.0,0,1
33,0,0,12000.0,1.0,496.0,3,584.360355321313,360.0,1,1
48,1,0,6200.0,1.0,128.0,3,486.02495889638584,180.0,2,0
40,1,0,5900.0,1.0,173.0,0,1007.9612797140292,360.0,1,1
48,1,0,5398.0,1.0,157.0,1,1155.0636018412688,360.0,0,1
28,1,0,5182.0,1.0,108.0,3,1070.7959868774458,360.0,0,1
61,0,0,2900.0,1.0,71.0,0,138.12918653420812,360.0,0,1
59,1,0,4106.0,1.0,40.0,3,1338.809023073989,180.0,0,1
21,1,0,8312.0,1.0,253.0,3,1259.8295568268604,360.0,2,1
23,1,0,7583.0,1.0,187.0,0,1512.9827047788567,360.0,2,1
33,0,1,4583.0,0.0,133.0,1,1966.0755008638803,360.0,1,0
